{
  "hash": "0001e736",
  "configHash": "179986c5",
  "lockfileHash": "dc56f53c",
  "browserHash": "3f432c32",
  "optimized": {
    "@angular/common": {
      "src": "../../../../../node_modules/@angular/common/fesm2022/common.mjs",
      "file": "@angular_common.js",
      "fileHash": "454ec1d2",
      "needsInterop": false
    },
    "@angular/common/http": {
      "src": "../../../../../node_modules/@angular/common/fesm2022/http.mjs",
      "file": "@angular_common_http.js",
      "fileHash": "03f62b30",
      "needsInterop": false
    },
    "@angular/core": {
      "src": "../../../../../node_modules/@angular/core/fesm2022/core.mjs",
      "file": "@angular_core.js",
      "fileHash": "cf9d49bd",
      "needsInterop": false
    },
    "@angular/forms": {
      "src": "../../../../../node_modules/@angular/forms/fesm2022/forms.mjs",
      "file": "@angular_forms.js",
      "fileHash": "71012f79",
      "needsInterop": false
    },
    "@angular/material/button": {
      "src": "../../../../../node_modules/@angular/material/fesm2022/button.mjs",
      "file": "@angular_material_button.js",
      "fileHash": "344db97f",
      "needsInterop": false
    },
    "@angular/material/dialog": {
      "src": "../../../../../node_modules/@angular/material/fesm2022/dialog.mjs",
      "file": "@angular_material_dialog.js",
      "fileHash": "4f61395b",
      "needsInterop": false
    },
    "@angular/material/form-field": {
      "src": "../../../../../node_modules/@angular/material/fesm2022/form-field.mjs",
      "file": "@angular_material_form-field.js",
      "fileHash": "46a7264f",
      "needsInterop": false
    },
    "@angular/material/icon": {
      "src": "../../../../../node_modules/@angular/material/fesm2022/icon.mjs",
      "file": "@angular_material_icon.js",
      "fileHash": "30bf6bff",
      "needsInterop": false
    },
    "@angular/material/input": {
      "src": "../../../../../node_modules/@angular/material/fesm2022/input.mjs",
      "file": "@angular_material_input.js",
      "fileHash": "ec5d2ed4",
      "needsInterop": false
    },
    "@angular/material/paginator": {
      "src": "../../../../../node_modules/@angular/material/fesm2022/paginator.mjs",
      "file": "@angular_material_paginator.js",
      "fileHash": "f2d2ebe5",
      "needsInterop": false
    },
    "@angular/material/snack-bar": {
      "src": "../../../../../node_modules/@angular/material/fesm2022/snack-bar.mjs",
      "file": "@angular_material_snack-bar.js",
      "fileHash": "ab145e0d",
      "needsInterop": false
    },
    "@angular/material/sort": {
      "src": "../../../../../node_modules/@angular/material/fesm2022/sort.mjs",
      "file": "@angular_material_sort.js",
      "fileHash": "20b15a50",
      "needsInterop": false
    },
    "@angular/material/table": {
      "src": "../../../../../node_modules/@angular/material/fesm2022/table.mjs",
      "file": "@angular_material_table.js",
      "fileHash": "6ba2c771",
      "needsInterop": false
    },
    "@angular/platform-browser": {
      "src": "../../../../../node_modules/@angular/platform-browser/fesm2022/platform-browser.mjs",
      "file": "@angular_platform-browser.js",
      "fileHash": "18dff9f9",
      "needsInterop": false
    },
    "@angular/platform-browser/animations/async": {
      "src": "../../../../../node_modules/@angular/platform-browser/fesm2022/animations/async.mjs",
      "file": "@angular_platform-browser_animations_async.js",
      "fileHash": "afc7ee6b",
      "needsInterop": false
    },
    "@angular/router": {
      "src": "../../../../../node_modules/@angular/router/fesm2022/router.mjs",
      "file": "@angular_router.js",
      "fileHash": "978c55ac",
      "needsInterop": false
    },
    "@canvasjs/angular-charts": {
      "src": "../../../../../node_modules/@canvasjs/angular-charts/fesm2015/canvasjs-angular-charts.js",
      "file": "@canvasjs_angular-charts.js",
      "fileHash": "1a1de5a0",
      "needsInterop": false
    },
    "rxjs": {
      "src": "../../../../../node_modules/rxjs/dist/esm5/index.js",
      "file": "rxjs.js",
      "fileHash": "7090ab71",
      "needsInterop": false
    },
    "rxjs/operators": {
      "src": "../../../../../node_modules/rxjs/dist/esm5/operators/index.js",
      "file": "rxjs_operators.js",
      "fileHash": "9e1d24dd",
      "needsInterop": false
    }
  },
  "chunks": {
    "browser-N4HKEHFB": {
      "file": "browser-N4HKEHFB.js"
    },
    "chunk-LXWFC5VX": {
      "file": "chunk-LXWFC5VX.js"
    },
    "chunk-FTBK5WAY": {
      "file": "chunk-FTBK5WAY.js"
    },
    "chunk-2PE7AJ2Q": {
      "file": "chunk-2PE7AJ2Q.js"
    },
    "chunk-GBSLUAR5": {
      "file": "chunk-GBSLUAR5.js"
    },
    "chunk-TSZRL3DU": {
      "file": "chunk-TSZRL3DU.js"
    },
    "chunk-DJHOKB2H": {
      "file": "chunk-DJHOKB2H.js"
    },
    "chunk-YBG6SCYP": {
      "file": "chunk-YBG6SCYP.js"
    },
    "chunk-P2NVUNH6": {
      "file": "chunk-P2NVUNH6.js"
    },
    "chunk-U57Y4HL4": {
      "file": "chunk-U57Y4HL4.js"
    },
    "chunk-OPIZBJUZ": {
      "file": "chunk-OPIZBJUZ.js"
    },
    "chunk-S7XP5GAS": {
      "file": "chunk-S7XP5GAS.js"
    },
    "chunk-IKDN75A3": {
      "file": "chunk-IKDN75A3.js"
    },
    "chunk-6UZ222DZ": {
      "file": "chunk-6UZ222DZ.js"
    },
    "chunk-NPFA6DZ3": {
      "file": "chunk-NPFA6DZ3.js"
    }
  }
}